{
  "ANGLE": 20.5,
  "ATTENUATION": 0.9800000190734863,
  "BACKROT": false,
  "BCOLTRANSITION": true,
  "CNTTRANSITIONTIME": 0,
  "COL": {
    "A": 1.0,
    "B": 0.0,
    "G": 0.10599999874830246,
    "R": 0.029411792755126953
  },
  "COLRANDAMMAX": {
    "A": 1.0,
    "B": 0.16111589968204498,
    "G": 0.0,
    "R": 0.46249744296073914
  },
  "COLRANDAMMIN": {
    "A": 1.0,
    "B": 0.21149243414402008,
    "G": 0.0,
    "R": 0.07569202780723572
  },
  "COLRANDOM": true,
  "COLTRANSITION": {
    "A": 1.0,
    "B": 0.0,
    "G": 0.0,
    "R": 0.0
  },
  "DESTCOL": {
    "A": 1.0,
    "B": 1.0,
    "G": 0.10599999874830246,
    "R": 1.0
  },
  "ENDTIME": 0,
  "HEIGHT": 0.0,
  "LIFE": 60,
  "MOVE": {
    "X": 0.4690000116825104,
    "Y": -7.980999946594238,
    "Z": 0.0
  },
  "MOVETRANSITION": {
    "X": 0.0,
    "Y": 0.0,
    "Z": 0.0
  },
  "POSMAX": {
    "X": 0.0,
    "Y": 0.0,
    "Z": 0.0
  },
  "POSMIN": {
    "X": 0.0,
    "Y": 0.0,
    "Z": 0.0
  },
  "RADIUS": 4.5,
  "RANDOMTRANSITIONTIME": true,
  "ROT": {
    "X": 640.0,
    "Y": -360.0,
    "Z": 2.0831856727600098
  },
  "SCALE": 21.569000244140625,
  "SCALE_TRANSITION": {
    "X": 0.9800000190734863,
    "Y": 0.9800000190734863,
    "Z": 0.9800000190734863
  },
  "TYPE": 0,
  "WEIGHT": 0.0,
  "WEIGHTTRANSITION": 0.0,
  "WIDTH": 0.0
}
