{
  "ANGLE": 20.5,
  "ADD_ANGLE" : 30.0,
  "ATTENUATION": 0.9800000190734863,
  "BACKROT": false,
  "COLOR": {
    "BIGIN": [ 0.029411792755126953, 1.0, 0.0, 1.0 ],
    "DEST": [ 1.0, 1.0, 1.0, 1.0 ],
    "ENDTIME": 0,
    "RANDAM": {
      "MAX": [ 0.46249744296073914, 0.7303921580314636, 0.16111589968204498, 1.0 ],
      "MIN": [ 0.07569202780723572, 0.7352941036224365, 0.21149243414402008, 1.0 ]
    },
    "RANDOM_TRANSITION_TIME": true,
    "TRANSITION": {
      "TIME": 0,
      "VALUE": [ 0.0, 0.0, 0.0, 1.0 ]
    }
  },
  "LIFE": 60,
  "MOVE": [ 0.4690000116825104, -7.980999946594238, 0.0 ],
  "MOVETRANSITION": [ 0.0, 0.0, 0.0 ],
  "POSMAX": [ 0.0, 0.0, 0.0 ],
  "POSMIN": [ 0.0, 0.0, 0.0 ],
  "POP": 3,
  "RADIUS": 4.5,
  "ROT": [ 0.0, 0.0, 0.1 ],
  "SCALE": {
    "BASIC_VALUE": 50.0,
    "PLUS_HEIGHT": 0.0,
    "PLUS_WIDTH": 0.0,
    "TRANSITION": [ 0.0, 0.0, 0.0 ]
  },
  "TYPE": 0,
  "WEIGHT": 0.0,
  "WEIGHTTRANSITION": 0.0,
  "ver.01": null
}
